ID,En_count,O_Quant,R_Times,OTimes,OTimes_S,O_monthes,Class_0 or 1
1,1,102,1,2,0.0475,2,0
2,1,114,2,2,0.0475,2,0
3,1,55,1,2,0.0475,2,0
4,1,55,1,1,0.024375,1,0
5,1,300,1,1,0.024375,1,0
6,3,230,1,4,0.14,3,0
7,2,72,2,2,0.0475,2,0
8,1,265,2,3,0.119375,2,0
9,2,622,2,5,0.159375,4,0
10,1,1,1,1,0.024375,1,0
11,1,118,1,1,0.024375,1,0
12,2,1250,3,6,0.2775,4,0
13,1,108,1,1,0.024375,1,0
14,1,35,1,1,0.024375,1,0
15,1,51,1,1,0.024375,1,0
16,3,589,7,13,0.919375,6,1
17,1,204,3,4,0.14,3,0
18,3,296,6,10,0.4375,6,0
19,7,1265,13,26,0.8275,18,1
20,4,357.9,2,9,0.224375,8,0
21,1,93,2,3,0.069375,3,0
22,6,2027,9,25,0.784375,16,1
23,4,110,2,5,0.209375,3,0
24,3,44,1,3,0.069375,3,0
25,12,3332,13,30,1.0875,18,1
26,9,3294,15,29,1.049375,18,1
27,5,205,4,7,0.194375,6,0
28,5,142,1,7,0.194375,6,0
29,3,35,1,3,0.119375,2,0
30,1,12,1,1,0.024375,1,0
31,1,52,1,1,0.024375,1,0
32,2,30,1,3,0.119375,2,0
33,2,230,1,6,0.1775,5,0
34,2,335.5,5,10,0.7375,5,0
35,2,70,1,2,0.0475,2,0
36,5,34.5,3,6,0.1775,5,0
37,3,404,2,7,0.194375,6,0
38,19,4399.8,19,85,3.509375,31,1
39,1,5,1,1,0.024375,1,0
40,2,157,1,2,0.0475,2,0
41,10,73.5,1,16,0.59,11,0
42,3,54,1,3,0.069375,3,0
43,1,384,4,5,0.159375,4,0
44,4,4114.4,17,28,1.31,14,1
45,2,602.35,5,8,0.26,6,0
46,1,41.5,1,2,0.0475,2,0
47,7,1528,1,19,1.599375,9,0
48,5,4120.4,9,22,1.2975,11,0
49,13,4429.5,2,35,1.309375,18,0
50,4,689,1,13,1.169375,5,0
51,2,3661,2,22,4.9475,3,0
52,6,3621,3,27,1.619375,13,0
53,5,6771,4,25,2.284375,8,0
54,15,1778,4,46,4.9775,15,0
55,15,6582,4,81,10.374375,18,0
56,17,6794.59,3,43,2.619375,16,0
57,11,2597,2,21,1.699375,7,0
58,13,4062,3,31,1.674375,13,0
59,11,1748,3,29,1.599375,12,0
60,9,4648,2,27,2.419375,10,0
61,7,9512,3,23,1.744375,9,0
62,2,514,1,42,42.9975,1,0
63,1,23948,3,3,0.119375,2,0
64,6,4504,1,10,0.4375,6,0
65,5,2698,2,22,4.7475,4,0
66,3,11462,2,6,0.2275,4,0
67,12,28858,4,39,3.324375,16,0
68,4,18241,3,10,0.3375,7,0
69,1,260,1,1,0.024375,1,0
70,8,8852,1,11,0.449375,7,0
71,2,607,2,3,0.119375,2,0
72,11,772,1,31,2.024375,12,0
73,7,1124,1,17,0.794375,9,0
74,16,5489,2,46,1.6275,22,0
75,21,5754,1,69,4.449375,21,0
76,4,1652,1,6,0.1775,5,0
77,8,2932,1,16,0.84,8,0
78,1,1373,5,30,6.5375,6,0
79,5,947,3,8,0.26,6,0
80,4,490,1,4,0.09,4,0
81,6,690,4,13,0.619375,7,0
82,6,913,1,11,0.299375,9,0
83,6,941,2,14,2.0275,3,0
84,5,824,1,18,2.9475,3,0
85,27,3468,4,112,29.91,18,0
86,28,7906.5,7,187,92.669375,22,0
87,12,1501,1,54,5.2775,22,0
88,1,9565,7,63,22.094375,5,0
89,4,2687,3,6,0.3275,3,0
90,1,58,1,1,0.024375,1,0
91,3,1034,3,3,0.069375,3,0
92,1,343,1,1,0.024375,1,0
93,1,183,1,2,0.0975,1,0
94,2,53,1,3,0.069375,3,0
95,1,543,2,1,0.024375,1,0
96,1,356,1,1,0.024375,1,0
97,3,1505,3,4,0.14,3,0
98,2,88,1,2,0.0475,2,0
99,3,220,2,8,0.21,7,0
100,1,190,1,1,0.024375,1,0
101,15,4005,2,29,2.149375,11,1
102,3,1170,4,2,0.0475,2,1
103,2,620,1,2,0.0975,1,1
104,19,7744,1,44,3.59,15,1
105,3,359,2,7,0.194375,6,1
106,3,541,3,3,0.119375,2,0
107,1,485,1,1,0.024375,1,0
108,6,2388,4,14,0.7275,7,0
109,4,3219,10,11,0.349375,8,0
110,6,7634.4,3,34,8.1275,8,0
111,2,922,1,5,0.409375,2,0
112,3,2087,2,3,0.069375,3,0
113,17,19875,8,79,5.374375,27,1
114,2,2363,1,3,0.119375,2,0
115,1,148,2,2,0.0975,1,1
116,1,9368,1,5,0.259375,3,0
117,14,5901,7,49,5.624375,18,1
118,10,3810,4,31,1.824375,13,1
119,6,3394,3,14,0.4775,10,1
120,2,972,4,2,0.0475,2,1
121,4,6361,4,5,0.109375,5,1
122,4,340,1,9,0.424375,5,1
123,3,46,1,3,0.069375,3,1
124,24,3433,1,73,5.544375,26,1
125,13,5478,2,148,23.11,33,1
126,13,10765,2,196,48.09,32,1
127,2,81,1,2,0.0475,2,0
128,5,447,2,9,0.374375,6,0
129,4,677,2,8,0.66,4,0
130,16,6003.5,8,116,9.74,31,1
131,24,8874,10,118,8.0975,33,1
132,20,1122,1,83,2.969375,33,1
133,18,3059,3,151,45.074375,27,1
134,20,3457,3,73,6.144375,25,1
135,10,1635,2,45,14.959375,9,1
136,5,812,1,9,0.224375,8,0
137,2,1205,1,4,0.39,1,0
138,1,1354,1,1,0.024375,1,0
139,1,1212,1,1,0.024375,1,0
140,1,2604,1,2,0.0975,1,0
141,3,143,1,5,0.209375,3,0
142,4,405,1,5,0.609375,1,0
143,3,665,1,15,4.784375,2,0
144,5,2449,4,15,2.684375,2,0
145,1,494,1,1,0.024375,1,0
146,9,1033,1,18,1.0975,9,1
147,8,1121,2,23,1.844375,10,1
148,2,35.5,1,3,0.069375,3,1
149,2,54,1,4,0.24,2,1
150,8,2280,2,37,1.669375,17,1
151,6,2532,6,23,0.744375,15,1
152,2,389,1,5,0.309375,2,1
153,1,826,4,12,0.81,4,0
154,7,624.3,3,23,1.544375,10,1
155,5,183.3,1,18,4.2975,4,0
156,5,181,1,23,8.944375,3,0
157,4,722,1,22,2.7475,6,1
158,6,379,1,8,0.21,7,1
159,6,1340,2,10,0.2875,8,1
160,1,0.9,1,2,0.0975,1,0
161,3,92.14,9,10,1.2375,4,0
162,2,304.7,1,7,0.294375,4,0
163,1,226.5,1,5,0.409375,2,0
164,4,484.8,2,7,0.144375,7,0
165,5,281.5,1,5,0.409375,2,0
166,4,1184.4,1,6,0.1775,5,0
167,4,834.3,5,7,0.594375,2,0
168,1,1625.8,6,5,0.209375,3,0
169,7,653,4,11,1.399375,3,0
170,2,26,3,3,0.119375,2,0
171,2,41,7,7,0.294375,5,0
172,6,29.2,1,8,0.21,7,0
173,2,43,8,9,0.524375,5,0
174,2,5,4,2,0.0475,2,0
175,1,136,1,1,0.024375,1,0
176,2,63,1,4,0.14,3,0
177,3,235.2,2,3,0.119375,2,0
178,3,166,2,4,0.14,3,0
179,2,1512,3,4,0.24,2,0
180,3,233,2,5,0.159375,4,0
181,2,2510,3,7,0.294375,5,0
182,1,1890.7,3,9,0.524375,5,0
183,2,154.8,1,5,0.409375,2,0
184,1,688.45,7,7,0.294375,5,0
185,1,570.4,2,6,0.3275,3,0
186,1,2169.3,2,1,0.024375,1,0
187,1,245,5,4,0.24,2,0
188,1,245,3,4,0.14,3,0
189,3,23,1,3,0.069375,3,0
190,5,55,1,10,0.5375,6,0
191,11,108.3,2,27,2.069375,9,0
192,3,41.8,2,4,0.14,3,0
193,5,37,1,7,0.144375,7,0
194,2,34,1,4,0.09,4,0
195,1,27.4,1,1,0.024375,1,0
196,2,19,1,3,0.119375,2,0
197,2,24.6,1,6,0.1275,6,0
198,1,1,1,1,0.024375,1,0
199,1,0.2,1,1,0.024375,1,0
200,6,110.39,1,10,0.2375,9,1
201,3,24,1,4,0.09,4,0
202,27,1818.55,8,81,9.724375,26,1
203,1,2,1,1,0.024375,1,0
204,8,300.74,4,11,0.599375,6,1
205,1,19.94,1,1,0.024375,1,0
206,1,1.5,1,1,0.024375,1,1
207,2,995.8,2,2,0.0475,2,0
208,2,96.6,5,2,0.0475,2,0
209,4,28.5,1,6,0.6275,2,0
210,1,3.5,1,1,0.024375,1,0
211,3,146.8,5,5,0.109375,5,1
212,1,110,2,2,0.0975,1,0
213,1,196.3,1,3,0.219375,1,0
214,3,57,1,4,0.09,4,0
215,1,26.4,1,1,0.024375,1,0
216,9,80,1,20,1.15,11,0
217,5,47.5,1,7,0.494375,3,0
218,2,44.5,4,2,0.0475,2,0
219,2,356.6,3,5,0.109375,5,0
220,1,28.2,1,1,0.024375,1,0
221,1,83.2,2,2,0.0475,2,0
222,2,3,1,3,0.119375,2,0
223,5,119.6,3,18,2.4975,5,0
224,2,158.6,3,3,0.069375,3,0
225,1,16.64,1,1,0.024375,1,0
226,3,131.46,3,4,0.09,4,0
227,1,5,1,1,0.024375,1,0
228,1,30,1,1,0.024375,1,0
229,1,25,1,1,0.024375,1,0
230,1,14.99,1,1,0.024375,1,0
231,1,4.99,1,1,0.024375,1,0
232,1,89.98,2,3,0.119375,2,0
233,2,111.96,3,4,0.09,4,0
234,2,1985,5,2,0.0475,2,0
235,5,18113,8,32,6.16,6,0
236,2,1601,1,3,0.069375,3,0
237,3,20719,29,29,1.199375,15,0
238,1,8709,3,14,1.7775,4,0
239,1,25393,8,18,7.8975,1,0
240,2,60726,19,33,13.244375,2,0
241,1,3889,4,7,0.194375,6,0
242,2,12595,5,52,25.86,6,0
243,3,23667,4,8,0.41,4,0
244,3,21458,5,47,11.044375,9,0
245,4,19779,1,52,15.71,10,0
246,5,946,1,10,0.7375,5,1
247,2,1981,1,19,3.049375,5,1
248,9,35.5,3,22,3.9975,3,1
249,14,147.4,2,30,1.3875,14,0
250,17,365.5,1,48,1.61,25,0
251,5,249.5,1,26,1.6775,11,1
252,2,970,1,2,0.0475,2,1
253,5,155,1,5,0.309375,2,1
254,10,1012,1,22,0.6475,15,1
255,11,3884,3,37,2.169375,16,1
256,2,2385,1,3,0.069375,3,0
257,23,3293,4,81,7.024375,25,1
258,11,2920,1,17,0.994375,8,1
259,12,4060,2,37,4.419375,10,0
260,27,14567,8,128,24.71,24,1
261,25,13132,6,105,6.184375,28,1
262,16,7935,5,52,4.46,14,0
263,25,20196,5,110,26.4375,22,1
264,8,2442,5,13,0.569375,7,0
265,8,2793,1,13,0.819375,7,0
266,22,10627,11,58,5.1975,22,1
267,18,5789,3,36,2.59,15,1
268,6,3807,1,15,2.334375,4,0
269,32,23019,7,116,8.34,32,1
270,17,19745,5,54,3.6275,18,1
271,9,5420,5,20,1.25,10,1
272,22,542.3,4,43,3.269375,16,1
273,7,12384,5,12,0.71,6,1
274,10,338.1,2,24,1.79,9,1
275,11,1098,2,27,2.169375,11,1
276,5,237,2,13,1.569375,4,1
277,22,1167.5,3,82,7.6475,19,1
278,15,1572,1,36,3.24,11,1
279,22,6145,4,105,12.134375,28,1
280,10,3015,2,49,11.874375,11,0
281,27,8160,10,150,21.2375,26,1
282,11,4285,14,19,1.799375,9,1
283,2,1135,2,3,0.069375,3,1
284,3,2319,2,4,0.24,2,1
285,8,1471,4,30,1.7875,13,1
286,11,4164,2,54,7.8275,13,1
287,15,4566,3,42,2.6975,18,1
288,13,5557,2,37,3.119375,14,1
289,14,3450,1,30,1.0875,18,0
290,14,6860,3,42,1.8475,20,1
291,16,24133,9,119,22.424375,21,1
292,8,2830,3,8,0.26,6,1
293,14,76498,16,38,1.6975,20,1
294,11,481.2,3,36,3.34,11,0
295,8,19520,3,17,0.494375,13,1
296,11,9201,3,19,0.949375,11,1
297,1,462,1,1,0.024375,1,0
298,8,1986,1,29,14.299375,3,0
299,14,5054,1,82,14.0975,16,0
300,1,648,2,3,0.119375,2,0
301,4,5763,5,19,1.249375,8,1
302,2,1030,2,3,0.119375,2,1
303,11,914.4,2,29,2.749375,13,1
304,4,1043,3,10,0.2375,9,1
305,1,2151,1,1,0.024375,1,0
306,2,3494,2,10,0.9875,3,0
307,5,3657,3,23,1.244375,12,1
308,5,4555,3,16,1.34,6,1
309,12,11884,6,34,1.8275,15,1
310,7,8974,3,15,0.534375,10,1
311,1,2121.5,2,2,0.0975,1,1
312,3,4002,4,8,0.41,4,1
313,3,6598,3,8,0.36,5,1
314,2,33601,11,16,0.74,9,1
315,3,126,1,6,0.3275,3,1
316,1,373,2,1,0.024375,1,1
317,3,4777,1,5,0.159375,4,0
318,5,2133,4,43,7.569375,8,1
319,8,364,2,29,1.749375,15,1
320,5,656,1,8,0.26,6,1
321,6,642,1,7,0.244375,5,1
322,2,40955,4,4,0.14,3,0
323,10,628547,17,21,1.249375,11,0
324,3,8130,7,11,2.449375,2,0
325,7,36451.05,53,55,22.084375,9,0
326,4,517152,46,64,3.74,22,0
327,5,13,4,13,0.669375,7,0
328,2,17,9,10,0.3875,7,0
329,1,17,7,7,0.194375,6,0
330,2,141,16,19,2.349375,5,0
331,1,10,2,2,0.0475,2,0
332,3,57,3,12,1.06,4,0
333,1,12,1,3,0.219375,1,0
334,1,14,3,3,0.119375,2,0
335,1,43,5,6,0.6275,2,0
336,3,49,3,7,0.244375,5,0
337,2,35,3,7,0.444375,4,0
338,1,2,5,1,0.024375,1,0
339,1,13,1,1,0.024375,1,0
340,1,55,2,5,0.409375,2,0
341,2,27,2,6,0.3275,3,0
342,2,49,9,9,0.274375,7,0
343,1,45,6,8,0.51,4,0
344,2,4,1,2,0.0475,2,0
345,3,32,5,9,0.424375,5,0
346,2,69,11,10,0.5875,5,0
347,2,165,8,9,0.524375,5,0
348,1,39,1,1,0.024375,1,0
349,2,15,3,4,0.09,4,0
350,2,17,3,5,0.159375,4,0
351,2,32,8,13,0.819375,7,0
352,1,12,2,2,0.0475,2,0
353,3,42,20,32,3.81,6,0
354,2,48,10,19,1.699375,8,0
355,1,38,24,27,5.419375,5,0
356,1,9,5,5,0.209375,3,0
357,2,27,17,16,0.59,10,0
358,1,5,3,3,0.219375,1,0
359,1,2,6,1,0.024375,1,0
360,2,183,35,51,4.799375,13,0
361,3,26,4,5,0.259375,3,0
362,1,20,5,8,0.41,4,0
363,2,80,11,19,1.849375,5,0
364,4,36,4,21,2.199375,7,0
365,4,221,25,32,2.71,10,0
366,2,507,49,56,6.74,13,0
367,6,118,127,118,29.4475,13,0
368,2,8,47,8,0.41,4,0
369,2,19821,4,4,0.09,4,0
370,1,13,1,1,0.024375,1,0
371,1,241.6,2,7,0.144375,7,0
372,1,159.3,2,6,0.1775,5,0
373,2,307.4,3,5,0.159375,4,0
374,2,178.5,1,4,0.09,4,0
375,4,166.2,2,9,0.274375,7,0
376,1,56.1,2,14,1.2275,6,0
377,1,138.2,3,3,0.119375,2,0
378,3,62.5,1,3,0.069375,3,0
379,1,21.4,2,1,0.024375,1,0
380,3,16,1,4,0.14,3,0
381,1,20.93,1,1,0.024375,1,0
382,1,49.98,2,1,0.024375,1,0
383,2,143,4,4,0.19,2,0
384,4,647,13,9,0.224375,8,0
385,4,720,9,9,0.374375,6,0
386,3,322,6,5,0.409375,2,0
387,2,906,8,15,1.234375,6,0
388,4,369,6,10,0.4375,6,0
389,6,486,6,8,0.16,8,0
390,1,21,1,1,0.024375,1,0
391,1,4.6,1,10,1.9875,2,0
392,2,30,1,2,0.0475,2,0
393,2,51.99,1,2,0.0975,1,0
394,1,68.99,1,3,0.219375,1,0
395,1,3,1,1,0.024375,1,0
396,5,154.98,1,10,1.9875,2,0
397,1,1113,3,4,0.14,3,0
398,1,1075.6,4,6,0.3275,3,0
399,3,3885,6,10,0.5375,6,0
400,4,3505,3,13,0.519375,8,0
401,3,640.8,4,9,0.524375,4,0
402,1,576,4,5,0.309375,2,0
403,4,944,1,38,1.7975,18,0
404,1,1608,2,2,0.0475,2,0
405,1,575,2,4,0.39,1,0
406,1,140,2,1,0.024375,1,0
407,1,116,1,1,0.024375,1,0
408,2,440,2,5,0.209375,3,0
409,2,538,2,7,0.394375,3,0
410,2,562,4,9,0.524375,5,0
411,1,152,3,4,0.09,4,0
412,1,549,1,3,0.069375,3,0
413,1,221,1,4,0.09,4,0
414,2,936,3,5,0.209375,3,0
415,3,560,1,17,3.544375,6,0
416,1,633.8,3,5,0.159375,4,0
417,1,6,1,1,0.024375,1,0
418,3,8.8,1,5,0.159375,4,0
419,4,121.8,2,17,0.844375,8,0
420,1,65,1,1,0.024375,1,0
421,2,1070,3,10,0.5375,6,0
422,2,138,2,10,2.4375,1,0
423,1,315,2,5,0.209375,3,0
424,1,564,2,1,0.024375,1,0
425,4,205,2,10,0.2375,9,0
426,1,240,3,16,6.24,1,0
427,1,47,1,3,0.119375,2,0
428,2,10000,5,5,0.409375,2,0
429,4,499.7,3,6,0.3275,3,0
430,1,4.97,1,3,0.219375,1,0
431,1,34.27,1,1,0.024375,1,0
432,1,21,1,1,0.024375,1,0
433,1,1165,1,1,0.024375,1,0
434,5,84.9,1,5,0.159375,4,0
435,3,177.8,2,7,0.344375,4,0
436,9,813.7,4,39,7.224375,7,0
437,4,43,1,7,0.194375,6,0
438,1,99.8,2,1,0.024375,1,0
439,1,334,4,5,0.159375,4,0
440,1,874,3,2,0.0475,2,0
441,1,335,1,1,0.024375,1,0
442,4,70,2,11,0.649375,5,1
443,4,107,3,9,0.974375,3,1
444,7,2025.5,2,11,0.999375,5,0
445,5,187,1,9,0.424375,5,0
446,6,106,3,16,1.84,6,1
447,5,268,2,9,0.424375,5,0
448,8,221,2,16,0.89,7,1
449,1,57,2,1,0.024375,1,0
450,1,106,1,1,0.024375,1,0
451,1,112,2,1,0.024375,1,0
452,8,53.4,1,16,0.59,12,0
453,18,452,2,65,3.984375,23,1
454,15,345.5,2,60,4.2,21,1
455,3,138,1,4,0.09,4,1
456,2,479.4,2,6,0.3275,3,0
457,2,137.8,2,7,0.644375,3,0
458,1,85,1,1,0.024375,1,0
459,1,6874,5,15,1.334375,5,0
460,1,75,1,1,0.024375,1,0
461,1,508,1,1,0.024375,1,0
462,1,1556,1,3,0.219375,1,0
463,1,376,1,1,0.024375,1,0
464,1,104.5,1,1,0.024375,1,0
465,2,915,4,4,0.14,3,0
466,3,105,7,9,0.374375,6,0
467,1,5,1,1,0.024375,1,0
468,1,3,1,1,0.024375,1,0
469,3,20,4,5,0.159375,4,0
470,3,356,7,10,0.3875,7,0
471,3,44,1,5,0.159375,4,0
472,3,537,5,18,1.2475,8,0
473,2,346,8,11,0.349375,8,0
474,1,168,6,8,0.26,6,0
475,2,436,9,13,0.619375,7,0
476,2,420,6,10,0.3875,6,0
477,2,1500,7,12,0.61,7,0
478,1,4.99,1,1,0.024375,1,0
479,2,4.99,1,2,0.0475,2,0
480,3,101.98,4,3,0.069375,3,0
481,4,44.94,6,6,0.1775,5,0
482,1,6,1,2,0.0975,1,0
483,2,3.8,1,3,0.219375,1,0
484,1,679,5,4,0.09,4,0
485,4,1413.6,5,11,0.449375,7,0
486,3,44.1,1,3,0.069375,3,0
487,2,131.3,2,7,0.494375,3,0
488,1,48,1,2,0.0475,2,0
489,2,50,1,2,0.0475,2,0
490,1,84,1,1,0.024375,1,0
491,1,8,1,2,0.0975,1,0
492,1,11.4,1,1,0.024375,1,0
493,1,43,1,1,0.024375,1,0
494,4,986,2,11,0.399375,7,0
495,4,94,1,13,0.619375,7,0
496,3,183,2,3,0.069375,3,0
497,2,180,1,2,0.0975,1,0
498,6,658,1,13,0.569375,9,0
499,1,90,3,1,0.024375,1,0
500,1,150,1,2,0.0975,1,0
501,3,135.6,3,5,0.159375,4,0
502,7,213.5,2,17,0.594375,11,0
503,9,414.3,3,26,1.5775,13,0
504,2,83,1,11,1.449375,2,0
505,1,23,1,1,0.024375,1,0
506,6,221,1,14,0.4275,10,0
507,1,53,1,1,0.024375,1,0
508,12,4394,19,64,4.79,19,1
509,8,1784.3,5,20,0.75,12,0
510,1,94.8,1,1,0.024375,1,0
511,4,25.05,2,5,0.609375,1,0
512,1,15.99,1,1,0.024375,1,0
513,1,53.9,1,1,0.024375,1,0
514,1,20,1,1,0.024375,1,0
515,2,599,2,8,0.51,4,0
516,3,1610.5,2,13,0.869375,6,0
517,2,484,4,11,0.699375,5,0
518,4,159.6,2,6,0.4275,3,0
519,1,4.98,1,1,0.024375,1,0
520,1,19.99,1,1,0.024375,1,0
521,1,1.02,1,1,0.024375,1,0
522,1,50.87,1,1,0.024375,1,0
523,2,5990,7,15,1.484375,6,0
524,7,2386,1,18,0.8475,10,0
525,2,407.99,2,4,0.24,2,0
526,1,103.76,1,3,0.119375,2,0
527,1,75,1,1,0.024375,1,0
528,2,190,1,3,0.119375,2,0
529,1,121,1,2,0.0475,2,0
530,1,12,2,2,0.0475,2,0
531,1,24,2,4,0.19,2,0
532,1,120,1,3,0.069375,3,0
533,2,130,4,7,0.194375,6,0
534,2,984,2,5,0.409375,2,0
535,3,798,1,13,2.519375,3,0
536,26,7349,6,103,9.644375,27,1
537,2,134,1,3,0.219375,1,0
538,3,2171,2,74,25.6775,8,0
539,3,4726,1,4,0.09,4,0
540,2,5698,2,21,3.099375,6,0
541,3,11367,3,25,3.784375,8,0
542,3,24076,4,39,6.274375,11,0
543,1,613.3,1,7,0.644375,3,0
544,24,26120.2,17,172,107.71,18,1
545,18,60984,30,92,8.86,25,0
546,5,1702,2,5,0.109375,5,0
547,3,7592.4,7,22,0.9975,11,1
548,1,8830.6,10,10,1.2375,4,0
549,4,366,1,13,2.019375,5,1
550,2,3734.4,5,8,0.31,5,0
551,22,4963,1,52,2.81,22,0
552,24,1569,2,68,3.86,23,0
553,10,1611.4,2,29,1.949375,12,0
554,9,1000.9,2,27,2.069375,11,0
555,5,498,2,7,0.144375,7,0
556,2,213.1,2,2,0.0475,2,0
557,6,665,1,13,0.569375,9,0
558,3,486.7,2,6,0.2275,4,0
559,2,54.9,1,2,0.0475,2,0
560,2,402.5,4,7,0.494375,3,0
561,4,1089,6,12,0.41,9,0
562,1,5,1,1,0.024375,1,0
563,5,29,1,5,0.109375,5,0
564,23,6983.8,6,98,14.5475,25,0
565,1,20,1,1,0.024375,1,0
566,1,13,1,1,0.024375,1,0
567,2,14,2,8,0.21,7,0
568,1,70,2,3,0.069375,3,0
569,3,102,9,11,0.349375,8,0
570,3,101,8,10,0.3375,7,0
571,1,143.5,1,3,0.119375,2,0
572,4,898,2,4,0.24,2,0
573,9,78866,18,54,8.4775,15,0
574,1,34,1,3,0.219375,1,0
575,3,2464.8,5,9,1.224375,3,0
576,1,58.4,1,2,0.0475,2,0
577,4,1102.4,9,21,1.049375,9,0
578,2,76,1,4,0.09,4,0
579,8,44.6,3,12,0.56,8,1
580,8,846.1,1,18,0.9975,8,0
581,2,903,1,3,0.119375,2,0
582,2,358,3,6,0.1775,5,0
583,1,560,7,12,0.61,6,0
584,2,259,1,8,0.36,5,0
585,2,141.5,2,26,4.7775,6,0
586,6,551.4,2,24,1.89,10,0
587,1,455,1,6,0.4775,2,0
588,1,159.2,1,1,0.024375,1,0
589,1,4,1,1,0.024375,1,0
590,1,17,1,2,0.0475,2,0
591,6,2093,1,33,2.444375,12,0
592,5,463,1,9,0.274375,7,0
593,2,5,1,5,0.209375,3,0
594,2,4,1,4,0.09,4,0
595,2,5,1,5,0.159375,4,0
596,1,837,2,2,0.0975,1,0
597,2,1291,3,3,0.119375,2,1
598,1,944,7,9,0.524375,4,0
599,2,319,4,6,0.2275,4,0
600,3,1269,1,15,0.784375,8,0
601,1,2,1,2,0.0475,2,0
602,5,1014,6,14,0.5275,9,1
603,1,29.99,1,1,0.024375,1,0
604,9,4990,1,28,2.71,14,1
605,2,463.5,5,11,0.449375,7,0
606,1,273,4,7,0.244375,5,0
607,1,12,1,1,0.024375,1,0
608,1,1815,1,1,0.024375,1,0
609,2,145,1,2,0.0475,2,0
610,4,973,2,8,0.36,5,0
611,2,1204,2,7,0.644375,3,0
612,3,65,2,3,0.219375,1,0
613,1,12,2,2,0.0975,1,0
614,4,7207.34,3,5,0.259375,3,0
615,1,1,1,1,0.024375,1,0
616,2,56,4,11,1.649375,3,0
617,3,97.84,2,4,0.09,4,0
618,1,7,2,2,0.0975,1,0
619,2,556,1,3,0.219375,1,0
620,29,9152,5,191,81.824375,22,0
621,2,16131,4,28,5.66,6,0
622,7,680,1,15,0.634375,10,0
623,3,64,2,7,0.344375,4,0
624,4,1511.3,1,69,80.099375,3,0
625,4,407.5,3,32,7.01,8,1
626,2,36,2,2,0.0475,2,0
627,2,13,3,3,0.069375,3,0
628,7,3001.2,1,10,0.3875,6,0
629,2,11,1,3,0.119375,2,0
630,1,16,1,1,0.024375,1,0
631,1,8,1,1,0.024375,1,0
632,2,659,8,10,0.6875,4,0
633,1,1477,11,16,2.39,3,1
634,1,106,2,4,0.14,3,0
635,2,5426,3,3,0.219375,1,0
636,1,273.5,1,1,0.024375,1,0
637,1,22.6,1,1,0.024375,1,0
638,4,7222,1,8,0.66,4,0
639,2,726.83,3,6,0.1775,5,0
640,3,568.98,2,10,0.3875,7,0
641,5,139,30,117,44.519375,16,0
642,1,8,1,1,0.024375,1,0
643,1,1,1,1,0.024375,1,0
644,2,16.98,1,2,0.0475,2,0
645,1,1,1,1,0.024375,1,0
646,1,4.99,1,1,0.024375,1,0
647,12,3399.6,4,46,4.1275,18,0
648,7,758,2,17,4.844375,3,0
649,2,151,1,3,0.119375,2,0
650,2,196,1,5,0.209375,3,0
651,1,103.8,1,2,0.0975,1,0
652,7,1660,2,17,0.894375,10,0
653,2,101.5,1,5,0.259375,3,0
654,8,348.97,3,8,0.26,6,0
655,10,12135.6,13,116,29.89,14,0
656,1,64,1,1,0.024375,1,0
657,6,1873,1,12,1.06,5,0
658,6,19147.4,12,36,3.19,12,0
659,3,110,3,3,0.069375,3,0
660,17,3708.5,1,120,39.85,16,0
661,1,75,1,1,0.024375,1,0
662,14,1344.5,4,38,2.5975,18,0
663,13,4220,3,60,14.95,13,0
664,4,1745,2,32,15.01,3,0
665,9,2022,2,12,0.91,5,0
666,5,905,1,7,0.294375,4,0
667,3,144,1,17,1.744375,5,0
668,1,23,2,2,0.0975,1,0
669,1,381,1,2,0.0475,2,0
670,13,5597,5,92,19.41,25,0
671,1,32,1,1,0.024375,1,0
672,1,5.99,1,1,0.024375,1,0
673,4,61665,22,114,23.4775,19,0
674,1,16,1,1,0.024375,1,0
675,3,652,2,7,0.144375,7,0
676,1,12,2,4,0.09,4,0
677,1,6815,4,4,0.14,3,0
678,39,7021,4,309,53.349375,33,1
679,40,3944.7,1,185,13.584375,38,1
680,17,2815.8,1,41,1.174375,25,1
681,22,3476,1,65,5.184375,24,1
682,6,967,1,7,0.144375,7,1
683,4,397,1,27,1.569375,13,0
684,4,1243.3,2,11,0.549375,7,0
685,1,12,1,1,0.024375,1,1
686,2,716,1,8,0.56,3,0
687,2,29,1,2,0.0475,2,1
688,9,203,1,20,2.3,6,1
689,6,303.3,5,27,1.419375,16,1
690,6,909,2,21,1.049375,11,1
691,3,226,2,5,0.109375,5,1
692,1,350,1,4,0.09,4,1
693,3,155,1,5,0.259375,3,1
694,1,2,1,1,0.024375,1,0
695,19,4654.6,6,104,21.99,20,1
696,10,670,2,31,7.424375,9,0
697,2,152,3,6,0.3275,3,0
698,3,92,1,9,0.424375,5,1
699,8,538,1,15,0.534375,10,0
700,1,20,1,1,0.024375,1,0
701,2,617,2,8,0.36,5,1
702,2,102,1,2,0.0475,2,1
703,4,376,1,15,0.584375,10,1
704,3,340,1,8,0.51,4,1
705,5,666,3,10,0.6375,5,1
706,8,269.7,2,10,0.2875,8,1
707,2,8,1,2,0.0475,2,1
708,2,607,2,4,0.09,4,1
709,3,3272,5,16,1.99,5,1
710,4,2040,2,9,0.324375,6,1
711,3,10669,4,5,0.159375,4,1
712,5,2079,4,9,0.324375,7,1
713,2,12,1,2,0.0475,2,0
714,2,2916,2,11,0.649375,5,0
715,2,20955,3,97,68.694375,7,0
716,5,2888,2,13,0.469375,8,0
717,16,2138,3,32,2.36,12,0
718,30,6918,2,197,34.569375,35,1
719,17,2719,2,41,14.824375,7,0
720,15,11104,3,39,1.574375,20,0
721,4,1609.3,4,8,0.36,5,0
722,2,25,1,2,0.0475,2,0
723,4,583,4,11,0.399375,7,0
724,1,623,3,9,0.424375,5,0
725,1,4,1,1,0.024375,1,0
726,1,175,2,2,0.0975,1,0
727,1,179.5,1,1,0.024375,1,0
728,3,46,1,5,0.209375,3,0
729,8,150.5,4,16,0.94,9,1
730,4,2221,2,7,0.244375,5,0
731,11,4598,1,15,1.084375,8,0
732,2,184,2,4,0.24,2,0
733,1,618,2,4,0.24,2,0
734,1,658,8,14,0.4775,9,0
735,5,1461,3,17,1.244375,7,0
736,1,103,1,4,0.19,2,0
737,3,5012,1,20,1.9,6,0
738,4,18555,3,19,1.499375,8,0
739,5,6923,2,8,0.31,5,0
740,5,23138,14,39,4.874375,13,0
741,15,6809.97,5,42,2.6975,19,1
742,2,5,4,5,0.109375,5,0
743,1,29,8,8,0.26,6,0
744,1,401,5,6,0.2775,4,0
745,2,7,1,3,0.119375,2,0
746,3,101,1,6,0.1775,5,0
747,2,676,4,10,0.4375,6,0
748,5,864,2,7,0.244375,5,1
749,1,42.45,1,3,0.069375,3,0
750,4,5102,3,27,1.969375,12,0
751,14,28943,11,26,1.1275,13,0
752,20,5698,4,58,9.9975,11,0
753,29,5220,5,150,33.7375,23,0
754,3,204,3,7,0.344375,4,0
755,1,160,3,2,0.0975,1,0
756,1,437.1,1,3,0.069375,3,0
757,3,132,12,41,5.324375,9,0
758,31,1909.4,2,323,49.769375,39,1
759,45,5904.4,2,432,90.46,40,1
760,42,8617.3,5,437,86.819375,38,1
761,37,6229,3,352,62.41,39,1
762,40,8137,4,254,27.8275,39,1
763,41,12115,4,294,24.7275,39,1
764,26,22315,11,231,26.724375,36,1
765,24,426.6,2,98,9.2975,27,1
766,33,3053.7,1,229,44.899375,35,1
767,41,12522.2,4,225,112.234375,36,1
768,35,14600.5,6,247,31.444375,36,1
769,29,11981,5,166,16.8775,34,1
770,34,18152.7,7,152,6.21,38,1
771,20,7178,4,75,2.359375,30,1
772,1,20,1,1,0.024375,1,0
773,26,3741,3,77,8.969375,19,0
774,16,3469,1,38,4.3475,11,0
775,35,11108,9,141,21.199375,26,1
776,3,39,1,5,0.409375,2,0
777,6,339,2,8,0.31,6,0
778,1,333.5,1,2,0.0975,1,0
779,1,28,1,1,0.024375,1,0
780,8,2230,3,29,1.949375,12,0
781,4,1198.7,6,14,0.6775,8,0
782,3,1186,5,12,0.36,9,0
783,1,4193,2,22,5.3975,3,0
784,17,11013.6,13,85,12.609375,20,0
785,16,3786.5,3,72,8.01,21,0
786,5,4770,5,26,2.1275,8,0
787,6,7029.2,4,18,0.7975,10,0
788,8,29265,17,123,48.519375,10,0
789,5,56291,5,149,58.599375,14,0
790,3,917,1,7,0.144375,7,1
791,4,2731.4,2,20,2.8,7,0
792,9,270.5,6,16,0.69,10,0
793,2,1023,1,3,0.119375,2,0
794,21,7980.5,6,85,6.459375,21,1
795,1,92,1,1,0.024375,1,0
796,1,147,1,2,0.0475,2,0
797,4,408,1,5,0.159375,4,0
798,1,35,1,1,0.024375,1,0
799,1,70,1,1,0.024375,1,0
800,1,99,1,1,0.024375,1,0
801,1,30,1,2,0.0475,2,0
802,1,160,3,3,0.069375,3,0
803,6,4075.8,3,63,18.894375,10,0
804,21,5558,4,111,12.924375,24,0
805,8,2221,1,11,0.349375,8,0
806,3,2927,4,17,1.494375,6,0
807,1,383.5,1,6,0.1775,5,0
808,3,121,15,23,3.744375,5,0
809,1,4,3,2,0.0975,1,0
810,1,142.7,2,1,0.024375,1,0
811,3,259.2,7,9,0.324375,7,0
812,1,4,1,1,0.024375,1,0
813,5,113.2,1,10,0.4875,5,1
814,1,29.8,1,1,0.024375,1,0
815,2,93.6,1,8,1.21,2,0
816,3,1253,1,13,0.419375,9,0
817,2,454,4,9,0.624375,4,0
818,1,338,6,9,0.674375,3,0
819,1,208,2,4,0.24,2,0
820,27,28534,10,80,4.7,25,1
821,1,408,4,16,1.04,7,0
822,3,115,2,3,0.119375,2,0
823,13,3648.7,2,100,9.1,25,1
824,14,4937,4,38,2.3475,18,1
825,10,5725.16,2,50,3.3875,20,1
826,15,2815.2,2,43,2.369375,18,0
827,11,171,2,20,0.55,14,0
828,1,5000,1,1,0.024375,1,0
829,5,1530.2,1,19,3.849375,3,0
830,18,3488.3,7,331,561.549375,13,1
831,7,310,1,14,0.7275,7,0
832,3,311.25,5,7,0.294375,4,0
833,2,2611,1,5,0.159375,4,0
834,6,8623,3,12,0.41,9,0
835,1,6,1,2,0.0975,1,1
836,25,1053,2,109,6.149375,31,0
837,22,1390,4,76,5.84,26,0
838,30,3227,2,144,11.04,30,0
839,35,5284,4,229,19.349375,37,1
840,1,6,1,1,0.024375,1,1
841,3,551.5,1,10,0.3375,7,1
842,1,274,2,3,0.069375,3,1
843,9,1275,5,38,3.2475,14,1
844,8,658,2,15,0.984375,7,1
845,3,854,1,11,0.449375,7,1
846,4,167,2,5,0.259375,3,1
847,7,936,2,14,0.6775,8,1
848,5,481,2,9,0.224375,8,1
849,5,3561,4,20,1.3,9,1
850,10,4675,4,25,0.984375,14,1
851,9,4245,1,17,0.794375,10,1
852,12,29070,18,36,1.69,17,1
853,7,5403,4,17,1.194375,8,1
854,3,7000,1,27,8.219375,6,0
855,6,1024,1,8,0.26,6,0
856,2,1194,2,13,1.669375,5,0
857,3,1619,3,10,0.3375,7,0
858,2,849,2,3,0.119375,2,0
859,1,1110,3,3,0.219375,1,0
860,4,96.4,1,9,1.274375,2,0
861,20,7080,8,87,16.794375,16,1
862,12,6408,8,41,5.474375,16,1
863,11,4299,6,30,2.1375,13,1
864,9,10183,7,23,1.194375,12,1
865,12,4884,2,15,0.484375,11,0
866,11,5293,8,23,1.194375,12,1
867,27,5927,5,114,14.0275,23,1
868,24,5366,6,94,10.1275,25,1
869,26,3488,5,53,3.369375,20,1
870,15,1112,3,39,3.124375,17,1
871,2,265,1,15,2.334375,3,1
872,6,680,3,23,2.644375,9,1
873,5,1085,2,10,0.4875,7,1
874,5,1086,1,7,0.194375,6,1
875,4,700,1,7,0.194375,6,1
876,1,110,1,2,0.0975,1,1
877,15,13439,6,36,2.69,12,1
878,12,4734,3,26,0.9775,17,1
879,2,609,1,2,0.0475,2,1
880,13,8713,1,21,0.549375,15,1
881,2,1089,1,2,0.0475,2,1
882,2,25207,5,5,0.109375,5,1
883,1,288,1,3,0.069375,3,1
884,1,237,1,1,0.024375,1,1
885,1,293,1,1,0.024375,1,1
886,3,1289,4,5,0.109375,5,1
887,6,5302,3,26,1.5275,11,1
888,6,3128,4,16,0.59,10,1
889,8,15189,5,31,1.924375,15,1
890,4,3927,3,21,0.799375,12,1
891,8,10583,2,33,1.694375,15,1
892,4,5458,3,10,0.6375,5,1
893,4,6647,4,15,0.784375,8,1
894,9,10305,7,178,38.7475,29,1
895,9,2375,4,35,3.309375,12,0
896,3,21920,8,10,0.5375,6,1
897,3,522,3,6,0.2275,4,1
898,1,1312,4,4,0.24,2,0
899,1,500,2,2,0.0975,1,1
900,4,2014,3,12,0.31,10,1
901,1,576,2,4,0.39,1,1
902,3,1421,2,9,0.524375,4,1
903,17,6918,3,44,1.79,20,1
904,19,17005,6,54,2.5775,26,1
905,7,3237,3,11,0.299375,9,1
906,5,6364,5,10,0.7375,5,1
907,6,7250,3,15,0.534375,10,1
908,8,3319,3,25,1.034375,13,1
909,9,2548,2,58,18.5975,9,1
910,10,15454,1,36,1.69,19,0
911,1,10,1,1,0.024375,1,0
912,2,2514.2,1,15,4.134375,3,0
913,1,710,2,19,2.549375,5,0
914,1,3797.32,1,9,0.974375,2,0
915,4,46,1,5,0.159375,4,0
916,1,797,2,6,0.2275,4,0
917,2,7.7,1,2,0.0475,2,0
918,1,163,2,4,0.09,4,0
919,1,67,1,1,0.024375,1,0
920,1,101,3,2,0.0475,2,0
921,2,17,1,3,0.119375,2,0
922,2,193,3,5,0.159375,4,0
923,1,305.4,4,2,0.0975,1,0
924,4,47848,22,140,85.35,12,0
925,2,170,1,4,0.09,4,0
926,7,3576,2,20,0.9,11,0
927,6,55,2,8,0.31,6,1
928,2,45.5,1,4,0.14,3,1
929,3,15375,14,16,1.09,9,0
930,1,220,1,2,0.0475,2,0
931,1,4,2,1,0.024375,1,0
932,2,2.5,1,2,0.0975,1,0
933,4,149,2,6,0.2775,4,0
934,3,15670,7,12,0.61,6,1
935,2,14415,4,5,0.159375,4,1
936,1,341,1,2,0.0975,1,1
937,1,32605,7,7,0.494375,3,1
938,3,35405,10,11,0.399375,7,1
939,2,14368,6,3,0.069375,3,1
940,2,191994,52,47,10.994375,9,1
941,8,10197,6,21,1.449375,11,0
942,14,15072,4,18,0.8975,9,1
943,5,11117,5,9,0.374375,6,0
944,14,28599,7,45,2.209375,19,0
945,8,28457,9,20,0.85,12,1
946,14,66147,9,37,1.619375,19,1
947,1,18981,5,3,0.119375,2,1
948,1,363.34,1,2,0.0475,2,0
949,1,705.5,1,2,0.0475,2,0
950,1,2,1,2,0.0975,1,0
951,1,685,12,14,0.8775,7,0
952,1,680,11,12,0.61,6,0
953,7,1061,2,12,0.61,7,1
954,2,327,1,10,1.2375,2,0
955,1,278,3,5,0.409375,2,0
956,4,1556,2,17,1.044375,11,0
957,5,4509,2,16,0.59,11,1
958,12,662.1,2,44,2.59,17,1
959,12,960,1,31,2.024375,15,1
960,15,3493,5,59,6.399375,21,1
961,11,1686,3,19,1.399375,11,1
962,13,5538,1,34,2.0775,15,1
963,12,7226,5,19,0.699375,12,1
964,11,12617,3,28,2.46,10,1
965,10,1023,1,29,1.849375,14,0
966,1,58.4,1,4,0.14,3,0
967,2,129,1,2,0.0475,2,0
968,1,119.8,1,1,0.024375,1,0
969,15,1038.55,4,66,5.2775,24,1
970,11,4236,4,46,8.4775,12,0
971,1,8,1,1,0.024375,1,0
972,1,8,1,1,0.024375,1,0
973,1,8,1,1,0.024375,1,0
974,1,8,1,1,0.024375,1,0
975,1,8,1,1,0.024375,1,0
976,2,9,2,2,0.0475,2,0
977,3,3545,2,15,0.734375,7,0
978,1,200,1,1,0.024375,1,0
979,1,363,1,3,0.069375,3,0
980,14,1005.9,5,47,3.344375,16,0
981,1,792,2,5,0.409375,2,0
982,3,8479,4,7,0.194375,6,1
983,4,2904,1,6,0.2275,4,0
984,1,85.2,1,1,0.024375,1,0
985,5,4398,5,17,0.994375,9,0
986,1,552.3,1,1,0.024375,1,0
987,1,63.4,1,1,0.024375,1,0
988,3,109.5,1,3,0.069375,3,0
989,1,680,4,5,0.159375,4,0
990,1,680,4,5,0.159375,4,0
991,10,2555,3,76,11.69,17,1
992,20,3936,4,65,9.634375,11,0
993,3,475.5,1,3,0.069375,3,0
994,1,32,1,1,0.024375,1,0
995,1,39,2,2,0.0475,2,0
996,5,1255,1,12,0.96,4,0
997,3,2035,7,9,0.374375,5,1
998,2,3209,4,5,0.209375,3,1
999,3,1683,7,13,0.769375,6,1
1000,3,1304,2,13,2.619375,2,1
1001,1,16,1,2,0.0975,1,0
1002,1,7,1,1,0.024375,1,0
1003,2,72.6,1,10,0.6375,4,0
1004,1,55,1,4,0.14,3,0
1005,1,13.7,1,1,0.024375,1,0
1006,2,46.5,1,2,0.0475,2,0
1007,6,271,2,9,0.374375,6,0
1008,6,4071,3,29,3.999375,10,0
1009,4,3928,4,16,0.94,9,0
1010,1,131,2,2,0.0975,1,0
1011,2,536,1,3,0.119375,2,0
1012,12,789.5,1,41,21.974375,3,0
1013,3,33.6,1,4,0.09,4,0
1014,1,2,1,1,0.024375,1,1
1015,7,3292,2,18,1.4475,8,0
1016,5,611,1,7,0.894375,2,0
1017,1,80,1,1,0.024375,1,0
1018,1,102,1,1,0.024375,1,0
1019,1,110,1,1,0.024375,1,0
1020,1,104,1,1,0.024375,1,0
1021,2,25.1,1,2,0.0475,2,1
1022,2,5,2,3,0.069375,3,0
1023,2,3816,2,2,0.0475,2,1
1024,1,15,1,1,0.024375,1,0
1025,5,445,2,12,0.31,10,0
1026,2,10,1,3,0.119375,2,0
1027,13,293,3,48,4.06,14,1
1028,23,10637,10,102,11.5475,24,1
1029,1,2,1,1,0.024375,1,0
1030,1,2,1,1,0.024375,1,0
1031,11,4153,2,37,2.269375,16,1
1032,4,4326,2,13,0.569375,7,0
1033,1,9.96,1,1,0.024375,1,0
1034,2,146,1,2,0.0475,2,0
1035,1,6,1,1,0.024375,1,0
1036,1,2,1,1,0.024375,1,0
1037,1,2,1,1,0.024375,1,0
1038,1,2,1,1,0.024375,1,0
1039,5,979.2,2,8,0.46,5,0
1040,2,344,1,2,0.0475,2,0
1041,16,10410,9,59,4.749375,19,1
1042,3,272,1,10,0.6375,5,0
1043,5,340,2,7,0.194375,6,0
1044,3,13,17,13,2.319375,2,0
1045,7,24932,9,20,0.8,12,1
1046,1,20.79,2,1,0.024375,1,0
1047,2,4212,2,8,0.71,3,0
1048,2,3545,2,13,1.569375,4,0
1049,3,2491,2,12,1.16,3,0
1050,4,915,1,12,0.51,7,0
1051,4,3729,1,30,3.8875,9,0
1052,1,3030,1,1,0.024375,1,0
1053,1,1.5,1,3,0.119375,2,0
1054,2,284.5,2,11,2.449375,2,0
1055,1,3672,1,2,0.0975,1,0
1056,8,2960,2,28,2.41,12,0
1057,12,2570,2,19,1.149375,8,0
1058,5,2295,1,13,0.369375,10,0
1059,1,28,1,2,0.0975,1,0
1060,1,375,1,1,0.024375,1,0
1061,2,18907,9,117,284.319375,4,0
1062,2,1330,2,7,0.444375,4,0
1063,5,640,1,8,0.26,6,0
1064,1,89,1,1,0.024375,1,0
1065,3,1710,3,8,0.91,3,0
1066,4,830,1,12,1.46,3,0
1067,3,405,5,5,0.159375,4,0
1068,1,11,3,2,0.0475,2,0
1069,1,2,1,1,0.024375,1,0
1070,1,2,1,1,0.024375,1,0
1071,1,22,2,1,0.024375,1,0
1072,1,4,1,1,0.024375,1,0
1073,1,4,1,1,0.024375,1,0
1074,1,4,1,1,0.024375,1,0
1075,1,8,1,1,0.024375,1,0
1076,1,8,1,1,0.024375,1,0
1077,1,24,1,1,0.024375,1,0
1078,1,2664,2,12,3.51,1,0
1079,7,5592,5,19,1.099375,9,0
1080,5,1222,1,14,1.0775,6,0
1081,3,1410,1,9,0.524375,4,0
1082,3,2159,2,7,0.444375,4,0
1083,8,5362,2,18,1.2475,8,0
1084,10,3934,1,17,0.794375,12,0
1085,8,6876,4,18,0.9475,10,0
1086,14,564.6,2,44,2.49,18,1
1087,1,652,1,1,0.024375,1,0
1088,1,66.4,1,2,0.0975,1,0
1089,1,148,1,1,0.024375,1,0
1090,1,304,1,3,0.219375,1,0
1091,1,982,2,10,1.3875,2,0
1092,3,268,1,7,0.694375,2,0
1093,1,51,1,2,0.0975,1,0
1094,2,108.4,2,5,0.259375,3,0
1095,6,6878,3,11,0.799375,5,0
1096,7,14737,3,23,2.394375,5,0
1097,3,73.7,1,9,0.374375,6,0
1098,4,91,1,8,0.51,4,0
1099,1,47,1,2,0.0475,2,0
1100,1,1,1,1,0.024375,1,0
1101,5,119,1,15,0.584375,9,0
1102,1,27,1,1,0.024375,1,0
1103,1,85,1,2,0.0975,1,0
1104,1,19.98,1,1,0.024375,1,0
1105,1,19.96,1,1,0.024375,1,0
1106,1,264.8,1,4,0.24,2,0
1107,2,903.6,3,9,0.374375,6,0
1108,2,21,2,3,0.069375,3,0
1109,1,59.99,1,1,0.024375,1,0
1110,2,19.98,2,3,0.119375,2,0
1111,2,443,1,5,0.409375,2,0
1112,2,68,4,5,0.209375,3,0
1113,5,51.4,1,11,0.549375,6,0
1114,1,49.96,1,1,0.024375,1,0
1115,1,12,1,2,0.0975,1,0
1116,3,185,1,5,0.159375,4,0
1117,2,2140,2,8,1.21,2,0
1118,2,210,1,4,0.24,2,0
1119,1,19.97,4,2,0.0475,2,0
1120,1,12,4,9,0.824375,3,0
1121,1,9757,2,2,0.0975,1,0
1122,1,4,2,1,0.024375,1,0
1123,1,6.4,2,1,0.024375,1,0
1124,1,169.2,1,4,0.14,3,0
1125,1,2,1,1,0.024375,1,0
1126,1,2,1,1,0.024375,1,0
1127,1,2,1,1,0.024375,1,0
1128,1,2,1,1,0.024375,1,0
1129,3,2623.5,2,5,0.309375,2,0
1130,1,72,2,2,0.0975,1,0
1131,1,4.9,1,1,0.024375,1,0
1132,6,1618,3,11,1.049375,4,0
1133,1,93,1,1,0.024375,1,0
1134,2,194,4,5,0.159375,4,0
1135,3,3941,4,10,0.6375,5,0
1136,8,527,2,19,2.249375,8,0
1137,1,3,2,2,0.0975,1,0
1138,1,3,2,2,0.0975,1,0
1139,1,4.99,1,1,0.024375,1,0
1140,1,14.99,1,1,0.024375,1,0
1141,1,2,1,1,0.024375,1,0
1142,1,12,1,1,0.024375,1,0
1143,1,12,1,1,0.024375,1,0
1144,1,4,1,1,0.024375,1,0
1145,21,4605.5,4,102,29.2975,13,0
1146,2,41,4,5,0.159375,4,0
1147,2,157,22,42,4.8475,10,0
1148,6,10694,8,27,2.469375,10,0
1149,3,43.7,1,5,0.109375,5,0
1150,2,1070,1,2,0.0475,2,0
1151,2,156,1,4,0.09,4,0
1152,4,10982,1,8,0.51,4,0
1153,1,99,2,2,0.0975,1,0
1154,6,3944,7,15,0.384375,12,1
1155,5,1193,1,6,0.1775,5,0
1156,1,6435,4,23,3.894375,6,0
1157,2,9,4,6,0.3275,3,0
1158,1,55,1,1,0.024375,1,0
1159,6,84000,1,9,0.724375,4,0
1160,1,270,1,1,0.024375,1,0
1161,1,3,1,1,0.024375,1,0
1162,1,50.28,3,2,0.0475,2,0
1163,1,378,1,1,0.024375,1,0
1164,7,4288,3,20,2.85,6,0
1165,1,100,1,1,0.024375,1,0
1166,2,3664,7,5,0.259375,3,0
1167,3,422,2,5,0.159375,4,0
1168,1,25,1,3,0.219375,1,0
1169,1,14,1,2,0.0975,1,0
1170,1,16,1,2,0.0975,1,0
1171,1,10.8,1,1,0.024375,1,0
1172,1,30,1,4,0.39,1,0
1173,2,344,2,2,0.0475,2,0
1174,1,75,1,1,0.024375,1,0
1175,1,604.35,1,1,0.024375,1,0
1176,4,956,2,5,0.159375,4,0
1177,4,1653.4,6,14,1.7275,5,0
1178,2,79,3,3,0.119375,2,0
1179,2,155,8,8,0.96,2,0
1180,1,17,1,1,0.024375,1,0
1181,1,30,2,2,0.0475,2,0
1182,1,21.9,1,1,0.024375,1,0
1183,8,4509,1,27,4.919375,6,0
1184,1,23,1,1,0.024375,1,0
1185,1,18,1,1,0.024375,1,0
1186,1,7,1,1,0.024375,1,0
1187,1,4,1,1,0.024375,1,0
1188,1,20,1,1,0.024375,1,0
1189,1,20.45,2,3,0.119375,2,0
1190,3,1694,3,6,0.2775,4,0
1191,5,625,2,7,0.494375,3,0
1192,3,50.7,5,9,0.674375,5,0
1193,2,104,3,4,0.24,2,0
1194,1,50,2,1,0.024375,1,0
1195,1,4,2,2,0.0475,2,0
1196,8,2165,2,35,26.509375,3,0
1197,1,2,1,1,0.024375,1,0
1198,1,2,1,1,0.024375,1,0
1199,1,895,6,14,1.4275,4,0
1200,4,6092,2,22,2.8475,5,0
1201,2,1459,1,4,0.19,2,1
1202,1,1117,3,2,0.0975,1,1
1203,1,872,1,4,0.09,4,1
1204,1,340,1,2,0.0475,2,1
1205,1,388.8,2,2,0.0475,2,0
1206,1,373.3,2,2,0.0475,2,0
1207,1,39.99,1,1,0.024375,1,0
1208,2,7,4,4,0.14,3,0
1209,1,593,1,1,0.024375,1,0
1210,5,216,3,9,0.674375,3,0
1211,6,572,1,12,0.81,6,0
1212,1,1,1,1,0.024375,1,0
1213,1,5,2,2,0.0475,2,0
1214,2,11,5,11,0.749375,4,0
1215,1,6,1,1,0.024375,1,0
1216,1,6,1,1,0.024375,1,0
1217,1,48,1,1,0.024375,1,0
1218,1,409.8,1,1,0.024375,1,0
1219,1,120,2,1,0.024375,1,0
1220,1,3,1,1,0.024375,1,0
1221,3,159,1,3,0.069375,3,0
1222,6,461,1,25,2.084375,8,0
1223,2,54,2,2,0.0475,2,0
1224,5,2849,1,7,0.194375,6,0
1225,2,125,2,2,0.0975,1,0
1226,3,219,3,5,0.259375,3,0
1227,1,338,5,5,0.409375,2,0
1228,3,482.1,5,11,1.599375,4,0
1229,5,1903,2,7,0.244375,5,0
1230,1,2.52,1,1,0.024375,1,0
1231,1,1.69,1,1,0.024375,1,0
1232,1,3162,1,1,0.024375,1,0
1233,1,62,1,1,0.024375,1,0
1234,1,6,1,1,0.024375,1,0
1235,1,1,1,1,0.024375,1,0
1236,1,51,1,1,0.024375,1,0
1237,1,16,1,1,0.024375,1,0
1238,1,5,1,1,0.024375,1,0
1239,1,44.8,1,1,0.024375,1,0
1240,1,541,1,1,0.024375,1,0
1241,2,0.6,1,2,0.0975,1,0
1242,1,487,3,2,0.0475,2,0
1243,1,10,1,1,0.024375,1,0
1244,1,1951,2,5,0.409375,2,0
1245,1,15,1,1,0.024375,1,0
1246,1,10,1,1,0.024375,1,0
1247,1,10,1,1,0.024375,1,0
1248,1,10,1,1,0.024375,1,0
1249,1,15,1,1,0.024375,1,0
1250,2,75,1,2,0.0975,1,0
1251,2,90,2,2,0.0475,2,0
1252,1,2,1,1,0.024375,1,0
1253,1,15,1,1,0.024375,1,0
1254,1,3,1,1,0.024375,1,0
1255,2,3639,3,5,0.209375,3,0
1256,2,3342,2,11,0.999375,4,0
1257,1,13095,1,1,0.024375,1,0
1258,1,22.8,1,1,0.024375,1,0
1259,9,451,2,16,1.34,6,1
1260,1,18,38,18,4.0475,2,0
1261,1,100000,1,1,0.024375,1,0
1262,9,8778,1,20,1.1,9,0
1263,1,1,1,1,0.024375,1,0
1264,1,1,1,1,0.024375,1,0
1265,1,29.98,1,1,0.024375,1,0
1266,1,8,1,2,0.0975,1,0
1267,1,4,1,1,0.024375,1,0
1268,1,16,2,3,0.119375,2,0
1269,1,4,1,1,0.024375,1,0
1270,1,16,3,5,0.609375,1,0
1271,1,8,1,2,0.0975,1,0
1272,1,4,1,1,0.024375,1,0
1273,1,4,1,1,0.024375,1,0
1274,1,4,1,1,0.024375,1,0
1275,1,4,1,2,0.0475,2,0
1276,1,8,1,2,0.0975,1,0
1277,1,4,1,1,0.024375,1,0
1278,1,4,1,1,0.024375,1,0
1279,1,4,1,1,0.024375,1,0
1280,1,4,1,1,0.024375,1,0
1281,1,4,1,1,0.024375,1,0
1282,1,50,1,1,0.024375,1,0
1283,1,300,1,1,0.024375,1,0
1284,1,497,1,1,0.024375,1,0
1285,1,3,3,3,0.119375,2,0
1286,1,2,2,2,0.0975,1,0
1287,1,130,1,1,0.024375,1,0
1288,1,4.99,1,1,0.024375,1,0
1289,1,4.99,1,1,0.024375,1,0
1290,1,24,1,1,0.024375,1,0
1291,1,4.98,1,1,0.024375,1,0
1292,1,13,1,2,0.0475,2,0
1293,1,600,2,2,0.0475,2,0
1294,2,2930,1,2,0.0975,1,0
1295,2,200,1,3,0.119375,2,0
1296,1,86,2,2,0.0475,2,0
1297,1,86,2,2,0.0475,2,0
1298,1,395,2,2,0.0475,2,0
1299,2,428,2,2,0.0475,2,0
1300,1,8,1,1,0.024375,1,0
1301,1,14,5,3,0.069375,3,0
1302,1,39.2,1,1,0.024375,1,0
1303,1,9,5,5,0.309375,2,0
1304,1,9,5,5,0.309375,2,0
1305,1,89,2,4,0.14,3,0
1306,1,69,2,2,0.0475,2,0
1307,1,53,2,2,0.0475,2,0
1308,1,1405,1,2,0.0975,1,1
1309,1,19.99,1,1,0.024375,1,0
1310,1,2374,1,1,0.024375,1,0
1311,1,366,1,1,0.024375,1,0
1312,5,3771,1,6,0.1775,5,0
1313,4,2098,2,10,0.5875,5,0
1314,1,21933,16,122,249.3975,5,0
1315,1,594.7,2,1,0.024375,1,0
1316,1,140,1,1,0.024375,1,0
1317,3,67,32,28,4.61,6,0
1318,1,217,1,1,0.024375,1,0
1319,7,1134,1,12,2.96,2,0
1320,1,6958,4,4,0.39,1,0
1321,8,3475,3,18,1.5975,6,1
1322,11,2007,3,43,8.669375,11,0
1323,20,1230,2,46,7.7775,11,1
1324,5,1712,1,8,0.51,4,0
1325,5,2100,3,38,10.7975,5,1
1326,7,326.5,1,11,0.299375,9,0
1327,1,99.98,3,2,0.0975,1,0
1328,1,69.88,3,3,0.119375,2,0
1329,1,127,1,1,0.024375,1,0
1330,1,4178,1,1,0.024375,1,0
1331,1,381,1,1,0.024375,1,0
1332,8,2800,3,14,0.6775,8,0
1333,1,8,1,1,0.024375,1,0
1334,2,954,1,2,0.0475,2,0
1335,2,836,1,3,0.119375,2,0
1336,10,992,4,30,4.0375,9,0
1337,12,1967.5,2,31,4.924375,9,0
1338,2,1711,1,13,2.319375,2,0
1339,6,1119,2,7,0.244375,5,0
1340,1,18,1,1,0.024375,1,0
1341,3,754,1,7,1.194375,1,0
1342,1,5770,2,5,0.609375,1,0
1343,2,6457,4,8,1.21,2,0
1344,2,300,1,2,0.0475,2,0
1345,3,327.8,1,4,0.09,4,0
1346,3,77.8,2,12,2.96,2,0
1347,1,1,1,1,0.024375,1,0
1348,1,1,1,1,0.024375,1,0
1349,1,14,4,4,0.19,2,0
1350,1,1,1,1,0.024375,1,0
1351,1,4,1,1,0.024375,1,0
1352,1,2316,1,9,1.574375,2,0
1353,1,244,4,2,0.0975,1,0
1354,1,185,4,2,0.0975,1,0
1355,3,16446,9,67,37.119375,6,0
1356,1,270,2,1,0.024375,1,0
1357,4,2034,4,7,0.244375,5,0
1358,1,2,1,1,0.024375,1,0
1359,11,961,2,27,2.669375,9,0
1360,2,1319,3,6,0.2275,4,0
1361,1,24,1,1,0.024375,1,0
1362,1,15,1,1,0.024375,1,0
1363,2,270,1,2,0.0475,2,0
1364,1,383,2,1,0.024375,1,0
1365,5,16143,6,15,0.884375,8,0
1366,2,22,1,2,0.0975,1,0
1367,1,2,1,1,0.024375,1,0
1368,1,4,1,1,0.024375,1,0
1369,1,4,1,2,0.0975,1,0
1370,1,2,1,1,0.024375,1,0
1371,1,6,2,2,0.0475,2,0
1372,1,2,1,1,0.024375,1,0
1373,1,2,1,1,0.024375,1,0
1374,1,6,2,2,0.0475,2,0
1375,1,5410,3,20,3.8,3,0
1376,1,1,1,1,0.024375,1,0
1377,1,2,1,1,0.024375,1,0
1378,1,3,1,3,0.219375,1,0
1379,1,785,2,1,0.024375,1,0
1380,3,1033,1,3,0.069375,3,0
1381,1,30,1,1,0.024375,1,0
1382,1,30,1,1,0.024375,1,0
1383,1,30,1,1,0.024375,1,0
1384,1,7,1,1,0.024375,1,0
1385,2,540,1,4,0.19,2,0
1386,3,4316,2,9,0.774375,3,0
1387,2,4248,3,8,0.76,2,0
1388,1,35,1,1,0.024375,1,0
1389,1,70,1,1,0.024375,1,0
1390,1,35,1,1,0.024375,1,0
1391,1,3,1,1,0.024375,1,0
1392,1,28,1,2,0.0475,2,0
1393,2,96,1,2,0.0975,1,0
1394,3,2702,1,13,1.519375,3,0
1395,3,2.8,1,5,0.309375,2,0
1396,1,1660,1,1,0.024375,1,0
1397,1,3339,2,2,0.0475,2,0
1398,2,551,1,3,0.119375,2,0
1399,2,3450,3,2,0.0475,2,0
1400,1,33,1,1,0.024375,1,0
1401,1,107,4,4,0.39,1,0
1402,1,364,1,1,0.024375,1,0
1403,1,6839,6,4,0.39,1,0
1404,1,16944,10,85,148.509375,3,0
1405,1,108,2,2,0.0975,1,0
1406,1,4.99,1,1,0.024375,1,0
1407,2,33538,10,21,4.949375,3,0
1408,1,16916,6,6,0.4775,2,0
1409,1,1640,3,20,9.75,1,0
1410,1,38528,13,19,4.649375,3,0
1411,1,8544,4,64,87.84,2,0
1412,2,7720,4,65,80.184375,2,0
1413,2,10816,4,7,0.294375,4,0
1414,1,8,1,2,0.0975,1,0
1415,1,72,1,1,0.024375,1,0
1416,2,93,1,7,1.194375,1,0
1417,1,5824.96,3,3,0.119375,2,0
1418,1,6067.96,2,2,0.0475,2,0
1419,1,184,1,1,0.024375,1,0
1420,1,40,1,1,0.024375,1,0
1421,1,73.4,1,1,0.024375,1,0
1422,1,1698,1,1,0.024375,1,0
1423,2,414,2,3,0.119375,2,0
1424,1,16,2,2,0.0975,1,0
1425,1,17,4,4,0.24,2,0
1426,1,330,1,1,0.024375,1,0
1427,1,29.95,1,1,0.024375,1,0
1428,1,17,3,2,0.0975,1,0
1429,1,670,1,1,0.024375,1,0
1430,1,34,1,1,0.024375,1,0
1431,1,134,1,1,0.024375,1,0
1432,1,5,1,1,0.024375,1,0
1433,1,3,1,1,0.024375,1,0
1434,1,3,1,1,0.024375,1,0
1435,1,2,2,1,0.024375,1,0
1436,1,73,1,1,0.024375,1,0
1437,1,69,1,1,0.024375,1,0
1438,1,69,1,1,0.024375,1,0
1439,1,25,1,1,0.024375,1,0
1440,1,25,1,1,0.024375,1,0
1441,1,13,1,1,0.024375,1,0
1442,1,197,1,3,0.219375,1,0
1443,1,148,1,1,0.024375,1,0
1444,1,5,1,1,0.024375,1,0
1445,1,5,1,1,0.024375,1,0
1446,3,240,2,3,0.119375,2,0
1447,6,1057,2,17,7.044375,1,0
1448,3,750,1,3,0.219375,1,0
1449,1,3,1,1,0.024375,1,0
1450,1,8,2,1,0.024375,1,0
1451,1,2,2,1,0.024375,1,0
1452,1,6,2,1,0.024375,1,0
1453,1,2,2,1,0.024375,1,0
1454,1,2,2,1,0.024375,1,0
1455,1,2,2,1,0.024375,1,0
1456,1,2,2,1,0.024375,1,0
1457,1,2,2,1,0.024375,1,0
1458,1,2,2,1,0.024375,1,0
1459,1,2,2,1,0.024375,1,0
1460,1,2,2,1,0.024375,1,0
1461,1,2,2,1,0.024375,1,0
1462,1,1,2,1,0.024375,1,0
1463,1,1,2,1,0.024375,1,0
1464,1,1,2,1,0.024375,1,0
1465,1,1,2,1,0.024375,1,0
1466,1,1,2,1,0.024375,1,0
1467,1,1,2,1,0.024375,1,0
1468,1,1327,1,7,1.194375,1,0
1469,2,510,1,2,0.0475,2,0
1470,1,7,1,1,0.024375,1,0
1471,1,300,2,2,0.0475,2,0
1472,2,1530,1,2,0.0475,2,0
1473,1,1326,1,1,0.024375,1,0
1474,1,37,1,1,0.024375,1,0
1475,1,37,1,1,0.024375,1,0
1476,1,37,1,1,0.024375,1,0
1477,1,94,1,1,0.024375,1,0
1478,1,95,1,1,0.024375,1,0
1479,1,69,1,1,0.024375,1,0
1480,1,70,1,1,0.024375,1,0
1481,1,341,2,1,0.024375,1,0
1482,1,458,2,1,0.024375,1,0
1483,1,411,3,2,0.0475,2,0
1484,2,1191,2,8,0.96,2,0
1485,1,766,1,5,0.609375,1,0
1486,1,3,1,1,0.024375,1,0
1487,1,3,1,1,0.024375,1,0
1488,1,2480,1,1,0.024375,1,0
1489,1,3500,2,2,0.0475,2,0
1490,1,60,1,1,0.024375,1,0
1491,1,60.9,1,1,0.024375,1,0
1492,2,342,1,8,0.91,3,0
1493,2,505,1,2,0.0475,2,0
1494,1,19,1,1,0.024375,1,0
1495,1,25,1,1,0.024375,1,0
1496,1,144,1,1,0.024375,1,0
1497,1,7,1,1,0.024375,1,0
1498,1,93,2,2,0.0975,1,0
1499,1,95,1,1,0.024375,1,0
1500,1,332,2,2,0.0975,1,0
1501,1,5,1,1,0.024375,1,0
1502,3,117,1,6,0.6275,2,0
1503,1,380,1,1,0.024375,1,0
1504,1,24,3,3,0.119375,2,0
1505,1,136,1,1,0.024375,1,0
1506,1,24,1,1,0.024375,1,0
1507,1,68,1,1,0.024375,1,0
1508,1,24,1,1,0.024375,1,0
1509,1,48,1,1,0.024375,1,0
1510,1,68,1,1,0.024375,1,0
1511,1,320,1,3,0.219375,1,0
1512,1,48,1,1,0.024375,1,0
1513,2,2.5,1,3,0.119375,2,0
1514,1,212.5,2,1,0.024375,1,0
1515,1,21,1,1,0.024375,1,0
1516,1,2,1,1,0.024375,1,0
1517,1,3,1,1,0.024375,1,0
1518,1,159.5,2,2,0.0975,1,0
1519,1,6,4,2,0.0975,1,0
1520,1,5,1,2,0.0975,1,0
1521,1,9,1,1,0.024375,1,0
1522,1,2,1,1,0.024375,1,0
1523,1,2,1,1,0.024375,1,0
